City,Latitude,Longitude,Max Temperature,Humidity,Cloudiness,Wind Speed,Country,Date
Arraial do Cabo,-22.9661,-42.0278,80.56,57,0,11.5,BR,1629725590
Rikitea,-23.1203,-134.9692,69.3,62,28,19.64,PF,1629725501
Tasiilaq,65.6145,-37.6368,42.96,85,41,2.62,GL,1629725589
Half Moon Bay,37.4636,-122.4286,59.79,88,90,1.99,US,1629725711
Montefiascone,42.5393,12.0362,86.45,61,75,8.99,IT,1629725711
Egvekinot,66.3167,-179.1667,45.0,97,100,4.23,RU,1629725508
Ushuaia,-54.8,-68.3,35.26,87,40,8.05,AR,1629725494
Cabo San Lucas,22.8909,-109.9124,84.51,80,100,16.02,MX,1629725561
Ust'-Omchug,61.15,149.6333,58.26,92,100,5.32,RU,1629725518
Kapaa,22.0752,-159.319,79.12,80,75,10.36,US,1629725533
Saint George,37.1041,-113.5841,75.54,24,1,0.0,US,1629725519
Port Blair,11.6667,92.75,82.02,77,100,5.39,IN,1629725559
Yuci,37.6803,112.7319,65.95,55,0,0.0,CN,1629725712
Mahébourg,-20.4081,57.7,70.09,78,75,13.8,MU,1629725572
Vaini,-21.2,-175.2,68.16,83,20,10.36,TO,1629725505
Port Elizabeth,-33.918,25.5701,70.11,59,0,8.05,ZA,1629725539
Clyde River,70.4692,-68.5914,39.43,93,90,12.66,CA,1629725663
Gbarnga,6.9956,-9.4722,81.14,74,99,3.85,LR,1629725713
Jamestown,42.097,-79.2353,78.12,90,20,3.0,US,1629725335
Aklavik,68.2191,-135.0107,45.43,83,100,2.89,CA,1629725671
Mar del Plata,-38.0023,-57.5575,48.22,57,0,11.5,AR,1629725400
Ola,59.5833,151.2833,53.26,98,100,9.1,RU,1629725713
Mossamedes,-15.1961,12.1522,70.72,63,16,11.32,AO,1629725562
Leh,34.1667,77.5833,70.93,35,67,7.05,IN,1629725714
Atuona,-9.8,-139.0333,76.91,68,36,19.35,PF,1629725521
Tuktoyaktuk,69.4541,-133.0374,46.4,100,75,5.75,CA,1629725512
Cape Town,-33.9258,18.4232,68.11,59,0,6.91,ZA,1629725359
Haines Junction,60.7522,-137.5108,30.15,93,98,3.44,CA,1629725715
Narsaq,60.9167,-46.05,55.62,46,1,4.45,GL,1629725612
Bredasdorp,-34.5322,20.0403,65.52,52,0,11.5,ZA,1629725557
New Norfolk,-42.7826,147.0587,40.5,67,6,3.0,AU,1629725511
Bend,44.0582,-121.3153,44.49,88,1,1.99,US,1629725389
Lebu,-37.6167,-73.65,46.15,67,74,7.27,CL,1629725509
Pevek,69.7008,170.3133,35.46,87,82,7.99,RU,1629725650
Baiyin,36.5583,104.2081,59.88,56,100,12.3,CN,1629725716
Leningradskiy,69.3833,178.4167,32.25,97,100,3.42,RU,1629725546
Tiksi,71.6872,128.8694,43.3,96,100,3.06,RU,1629725588
Gazojak,41.1875,61.4036,95.94,12,0,13.4,TM,1629725716
Thinadhoo,0.5333,72.9333,81.54,76,100,10.22,MV,1629725716
Price,39.5994,-110.8107,61.41,54,1,3.44,US,1629725717
Albany,42.6001,-73.9662,74.62,91,93,7.78,US,1629725360
Lüderitz,-26.6481,15.1594,60.73,65,1,4.59,NA,1629725513
Sarakhs,36.5449,61.1577,100.54,13,0,11.5,IR,1629725717
Thompson,55.7435,-97.8558,50.16,87,90,10.36,CA,1629725421
Chokurdakh,70.6333,147.9167,31.35,93,44,10.2,RU,1629725509
Port Alfred,-33.5906,26.891,64.11,57,0,6.4,ZA,1629725516
Punta Arenas,-53.15,-70.9167,32.11,86,40,13.8,CL,1629725439
Barrow,71.2906,-156.7887,33.82,75,90,9.22,US,1629725655
Souillac,-20.5167,57.5167,70.18,78,75,13.8,MU,1629725548
Yellowknife,62.456,-114.3525,41.52,100,75,4.61,CA,1629725542
Winnemucca,40.973,-117.7357,44.65,45,90,3.44,US,1629725719
Port Keats,-14.25,129.55,73.62,76,0,3.29,AU,1629725719
Bluff,-46.6,168.3333,51.8,66,65,17.65,NZ,1629725501
Avarua,-21.2078,-159.775,71.65,100,90,4.61,CK,1629725628
Lichinga,-13.3128,35.2406,77.09,41,75,14.97,MZ,1629725720
Natal,-5.795,-35.2094,81.25,78,75,16.11,BR,1629725449
Vangaindrano,-23.35,47.6,71.82,80,3,8.99,MG,1629725720
Saint-Leu,-21.15,55.2833,70.66,72,14,14.67,RE,1629725653
Māngrol,21.1167,70.1167,82.26,82,0,9.1,IN,1629725721
Busselton,-33.65,115.3333,51.08,72,7,9.51,AU,1629725547
Impfondo,1.6381,18.0667,92.8,39,100,0.49,CG,1629725721
George Town,5.4112,100.3354,82.35,79,20,0.0,MY,1629725524
Amberley,39.2048,-84.428,82.17,80,1,1.01,US,1629725721
Dikson,73.5069,80.5464,40.35,89,100,9.73,RU,1629725591
Chui,-33.6971,-53.4616,55.69,64,100,3.67,UY,1629725560
Hermanus,-34.4187,19.2345,67.89,78,0,7.87,ZA,1629725536
Portland,45.5234,-122.6762,52.61,92,20,0.0,US,1629725604
Hithadhoo,-0.6,73.0833,81.48,77,79,10.09,MV,1629725614
Saint-Philippe,-21.3585,55.7679,71.19,75,66,12.19,RE,1629725535
Garissa,-0.4536,39.6401,91.09,30,1,21.72,KE,1629725723
Dicabisagan,17.0818,122.4157,80.91,85,100,3.96,PH,1629725723
Kalabo,-14.97,22.6814,93.42,10,6,3.74,ZM,1629725723
Mataura,-46.1927,168.8643,51.48,92,20,4.29,NZ,1629725504
Adrar,20.5022,-10.0711,101.75,28,15,9.46,MR,1629725724
Hasaki,35.7333,140.8333,75.6,84,26,3.09,JP,1629725561
Mount Gambier,-37.8333,140.7667,40.91,81,51,10.36,AU,1629725506
Tsaratanana,-16.7833,47.65,82.29,29,49,11.03,MG,1629725613
Codrington,-38.2667,141.9667,45.03,74,62,15.12,AU,1629725601
Kudahuvadhoo,2.6708,72.8944,82.63,72,93,10.16,MV,1629725725
Nome,64.5011,-165.4064,39.27,87,1,4.61,US,1629725595
Mariehamn,60.0973,19.9348,58.86,55,40,13.8,AX,1629725607
Koshurnikovo,54.1667,93.3,50.74,90,13,3.02,RU,1629725725
Khatanga,71.9667,102.5,49.33,70,100,9.8,RU,1629725572
Lethem,3.3803,-59.7968,83.64,70,70,3.24,GY,1629725654
Qaanaaq,77.484,-69.3632,35.13,49,5,5.59,GL,1629725571
Castro,-24.7911,-50.0119,78.94,31,0,8.23,BR,1629725519
Butaritari,3.0707,172.7902,82.87,70,13,12.39,KI,1629725536
Ribeira Grande,38.5167,-28.7,77.4,83,40,10.36,PT,1629725514
Baní,18.2833,-70.3333,84.85,65,44,15.93,DO,1629725726
Palana,59.1167,159.9667,51.19,92,100,14.94,RU,1629725585
Erenhot,43.6475,111.9767,62.38,55,69,14.61,CN,1629725618
Maniitsoq,65.4167,-52.9,41.38,94,100,12.64,GL,1629725727
Phek,25.6667,94.5,62.58,99,100,2.33,IN,1629725727
Fallbrook,33.3764,-117.2512,68.83,89,90,0.0,US,1629725728
Yulara,-25.2406,130.9889,55.24,26,100,10.36,AU,1629725641
Teknāf,20.8624,92.3058,81.36,83,100,1.79,BD,1629725728
Turaif,31.6725,38.6637,100.65,19,0,9.22,SA,1629725728
Tayshet,55.9342,98.0044,53.42,72,99,2.17,RU,1629725729
San Vicente,-26.6167,-54.1333,86.07,23,0,8.05,AR,1629725729
Cidreira,-30.1811,-50.2056,60.01,73,92,5.23,BR,1629725506
Upernavik,72.7868,-56.1549,43.57,71,69,5.57,GL,1629725519
Fairbanks,64.8378,-147.7164,54.3,85,90,4.61,US,1629725531
Rabo de Peixe,37.8,-25.5833,76.51,73,75,13.8,PT,1629725730
Hervey Bay,-25.2986,152.8535,66.31,83,8,11.43,AU,1629725730
Ossora,59.2353,163.0719,58.26,86,100,3.33,RU,1629725507
‘Āhuimanu,21.4447,-157.8378,78.51,83,90,14.97,US,1629725679
Santa Cruz de la Sierra,-17.8,-63.1667,82.45,61,20,14.97,BO,1629725597
Ayan,56.45,138.1667,57.72,95,80,13.24,RU,1629725731
Bengkulu,-3.8004,102.2655,75.97,87,87,2.28,ID,1629725635
Ilulissat,69.2167,-51.1,50.02,53,20,3.44,GL,1629725576
Kamenka,51.3223,42.7678,69.73,64,100,9.08,RU,1629725732
Grenville,12.1167,-61.6167,82.45,90,100,17.65,GD,1629725732
Grand Forks,47.9417,-97.4337,60.48,90,1,13.8,US,1629725732
Makkah al Mukarramah,21.4267,39.8261,102.74,24,11,14.05,SA,1629725733
Klaksvík,62.2266,-6.589,54.52,89,100,10.45,FO,1629725733
Buchanan,5.8808,-10.0467,84.16,70,91,9.84,LR,1629725733
Espinosa,-14.9261,-42.8192,83.28,34,0,8.95,BR,1629725734
Longyearbyen,78.2186,15.6401,44.44,76,75,2.3,SJ,1629725503
Gravdal,68.1214,13.5031,55.08,71,40,10.36,NO,1629725734
Bambous Virieux,-20.3428,57.7575,70.05,78,75,13.8,MU,1629725509
Saskylakh,71.9167,114.0833,48.88,77,100,9.04,RU,1629725515
Acapulco de Juárez,16.8634,-99.8901,78.62,89,75,2.3,MX,1629725735
Champerico,14.3,-91.9167,85.35,89,100,2.33,GT,1629725735
Fortuna,40.5982,-124.1573,50.36,74,90,0.0,US,1629725547
Puerto Cabezas,14.0351,-83.3888,78.76,94,40,4.61,NI,1629725736
Hobart,-42.8794,147.3294,40.86,84,20,4.61,AU,1629725410
Cherskiy,68.75,161.3,42.42,60,53,8.95,RU,1629725587
Iringa,-7.7667,35.7,78.12,24,20,20.71,TZ,1629725736
Olafsvik,64.8945,-23.7142,56.05,97,100,14.38,IS,1629725645
Nikolskoye,59.7035,30.7861,58.01,90,97,8.41,RU,1629725630
Toccoa,34.5773,-83.3324,80.24,78,1,0.0,US,1629725474
Provideniya,64.3833,-173.3,49.53,90,100,0.87,RU,1629725544
Kahului,20.8947,-156.47,76.26,99,98,8.19,US,1629725468
Namatanai,-3.6667,152.4333,79.02,82,100,6.69,PG,1629725560
Leshukonskoye,64.8989,45.7622,49.89,79,100,5.08,RU,1629725737
Bani Walid,31.7566,13.9942,92.5,23,0,8.72,LY,1629725738
Torbay,47.6666,-52.7314,66.27,60,20,12.66,CA,1629725506
Ubari,26.5921,12.7805,96.93,16,0,11.74,LY,1629725541
Sitka,57.0531,-135.33,51.69,82,1,0.0,US,1629725514
Menzelinsk,55.7271,53.1026,83.44,36,63,7.43,RU,1629725738
Cockburn Town,21.4612,-71.1419,81.48,81,7,22.15,TC,1629725668
Banda Aceh,5.5577,95.3222,80.15,80,100,5.53,ID,1629725668
Tuy Hoa,13.0833,109.3,77.16,89,100,8.05,VN,1629725739
Nelson Bay,-32.7167,152.15,62.11,88,100,14.88,AU,1629725739
Laguna,38.421,-121.4238,63.09,90,1,6.91,US,1629725740
Okhotsk,59.3833,143.3,54.45,94,76,2.15,RU,1629725740
Quatre Cocos,-20.2078,57.7625,69.91,63,87,16.84,MU,1629725740
Tshikapa,-6.4167,20.8,97.41,27,72,3.29,CD,1629725741
Vega de Alatorre,20.0333,-96.6333,77.02,79,18,5.91,MX,1629725741
Acaraú,-2.8856,-40.12,89.28,49,0,16.98,BR,1629725720
Casper,42.8666,-106.3131,64.51,45,20,4.61,US,1629725741
Guerrero Negro,27.9769,-114.0611,68.92,78,0,10.47,MX,1629725520
Port Shepstone,-30.7414,30.455,67.64,74,15,15.93,ZA,1629725742
Roald,62.5833,6.1333,68.16,67,0,9.22,NO,1629725742
Vynohradove,46.3696,32.9398,86.07,29,20,1.14,UA,1629725742
Hualmay,-11.0964,-77.6139,62.89,81,71,8.14,PE,1629725612
Carnarvon,-24.8667,113.6333,66.27,70,0,13.8,AU,1629725542
Saint Paul Harbor,57.79,-152.4072,54.57,99,100,5.1,US,1629725510
Nantucket,41.2835,-70.0995,76.96,93,90,8.05,US,1629725641
Waipawa,-41.4122,175.5153,52.03,76,0,14.58,NZ,1629725743
San Cristobal,7.7669,-72.225,71.78,56,21,4.32,VE,1629725744
Murgab,37.4966,61.9714,98.47,13,0,9.22,TM,1629725744
Naze,28.3667,129.4833,78.42,87,100,12.64,JP,1629725507
Puerto Ayora,-0.7393,-90.3518,69.55,89,99,8.01,EC,1629725526
Hofn,64.2539,-15.2082,59.02,88,90,3.44,IS,1629725541
Xiuyan,40.2928,123.2744,68.23,98,62,3.76,CN,1629725745
Sirūr,18.8333,74.3833,81.16,66,83,12.28,IN,1629725745
Kimbe,-5.5502,150.1429,75.56,88,100,4.85,PG,1629725746
Werda,-25.2667,23.2833,88.11,13,39,17.52,BW,1629725746
Kruisfontein,-34.0033,24.7314,67.89,48,0,8.19,ZA,1629725527
Pierre,44.3683,-100.351,73.06,86,1,1.99,US,1629725600
Amazar,53.858,120.875,58.51,74,100,9.89,RU,1629725746
Wanning,18.8003,110.3967,82.56,81,7,9.4,CN,1629725747
Broome,42.2506,-75.833,75.56,96,90,1.99,US,1629725588
Mariestad,58.7097,13.8237,70.38,55,5,6.51,SE,1629725747
Catalão,-18.1658,-47.9464,82.36,24,0,9.26,BR,1629725747
Lar,26.2039,83.9717,84.07,79,100,3.36,IN,1629725748
Moerai,-22.4333,-151.3333,74.7,88,81,20.24,PF,1629725624
Hilo,19.7297,-155.09,76.24,88,1,3.44,US,1629725324
Japura,-0.3167,102.35,74.91,95,99,1.74,ID,1629725748
Norman Wells,65.282,-126.8329,46.44,100,75,4.61,CA,1629725630
Saldanha,-33.0117,17.9442,66.25,77,0,11.39,ZA,1629725581
Vaxjo,56.8777,14.8091,68.05,45,0,5.75,SE,1629725749
Poum,-20.2333,164.0167,71.24,64,8,18.72,NC,1629725573
Pak Phanang,8.3511,100.202,84.22,72,100,3.78,TH,1629725750
Puerto Baquerizo Moreno,-0.9,-89.6,70.48,83,90,16.06,EC,1629725750
Ostrovnoy,68.0531,39.5131,45.86,75,100,18.05,RU,1629725576
Laas,46.6166,10.7002,76.91,43,65,3.67,IT,1629725549
Ismailia,30.6043,32.2723,94.57,32,0,18.19,EG,1629725751
Geraldton,-28.7667,114.6,50.41,87,0,9.22,AU,1629725481
Morón,-34.6534,-58.6198,55.15,41,71,1.01,AR,1629725641
Panzhihua,26.5851,101.7128,72.64,89,100,3.02,CN,1629725751
Luoyang,34.6836,112.4536,74.46,76,83,6.2,CN,1629725752
Retalhuleu,14.5333,-91.6833,82.69,96,75,0.0,GT,1629725485
Lompoc,34.6391,-120.4579,62.1,83,90,0.0,US,1629725558
Zhezkazgan,47.8043,67.7144,83.46,16,0,14.43,KZ,1629725753
Esperance,-33.8667,121.9,49.84,72,56,10.4,AU,1629725517
Rāvar,31.2656,56.8055,94.21,10,5,6.91,IR,1629725753
Yatou,37.15,122.3833,72.88,97,100,11.14,CN,1629725754
Buala,-8.145,159.5921,79.83,78,100,11.1,SB,1629725754
Shingū,33.7333,135.9833,79.92,88,100,5.06,JP,1629725754
Barra dos Coqueiros,-10.9089,-37.0386,80.62,65,20,16.11,BR,1629725755
Pinotepa Nacional,16.3167,-98.0167,74.8,91,100,2.46,MX,1629725755
The Valley,18.217,-63.0578,86.14,66,20,20.71,AI,1629725661
Cayenne,4.9333,-52.3333,86.04,74,0,5.99,GF,1629725407
Baharly,38.4362,57.4316,96.01,9,0,7.45,TM,1629725756
Jinxiang,27.4327,120.6062,80.89,93,100,13.73,CN,1629725756
Hong Kong,22.2855,114.1577,86.32,80,89,1.01,HK,1629725304
Lagoa,39.05,-27.9833,74.46,84,100,14.45,PT,1629725756
Boa Vista,2.8197,-60.6733,84.18,70,75,2.3,BR,1629725757
Tilichiki,60.4667,166.1,52.77,97,100,5.66,RU,1629725529
Hobyo,5.3505,48.5268,79.03,76,5,29.19,SO,1629725757
Nouadhibou,20.931,-17.0347,96.78,21,19,24.16,MR,1629725557
Lázaro Cárdenas,17.9583,-102.2,76.89,86,100,5.61,MX,1629725758
Faanui,-16.4833,-151.75,79.02,76,17,12.8,PF,1629725637
Luleå,65.5842,22.1547,55.47,50,40,9.22,SE,1629725758
Suamico,44.6319,-88.0393,68.0,92,20,0.0,US,1629725759
Zanjān,36.6736,48.4787,83.89,18,75,13.8,IR,1629725759
Makurdi,7.7411,8.5121,86.72,61,86,2.37,NG,1629725759
Dingle,10.9995,122.6711,76.6,91,99,2.19,PH,1629725647
Baykit,61.67,96.37,53.28,86,76,3.0,RU,1629725760
Lobito,-12.3481,13.5456,73.89,81,45,10.31,AO,1629725760
Opuwo,-18.0607,13.84,87.15,13,47,10.22,NA,1629725760
Pokhara,28.2333,83.9833,71.6,92,100,2.37,NP,1629725761
Tuatapere,-46.1333,167.6833,51.82,77,61,8.55,NZ,1629725547
Pushkino,56.0172,37.8667,71.01,47,41,3.0,RU,1629725762
Severo-Kuril'sk,50.6789,156.125,52.92,91,78,9.95,RU,1629725542
Tabas,33.5959,56.9244,98.89,9,0,17.85,IR,1629725762
Ponta do Sol,32.6667,-17.1,83.03,66,0,0.54,PT,1629725502
Mumbai,19.0144,72.8479,84.18,79,75,6.91,IN,1629725571
Bara,10.3744,10.7288,89.38,55,100,5.86,NG,1629725763
Luwuk,-0.9516,122.7875,76.6,86,100,4.45,ID,1629725763
San Patricio,28.017,-97.5169,85.86,69,20,2.93,US,1629725629
Tessalit,20.1986,1.0114,106.79,10,18,11.23,ML,1629725764
Ballina,-28.8667,153.5667,66.24,77,93,10.36,AU,1629725334
College,64.8569,-147.8028,54.28,84,90,5.75,US,1629725595
St. George's,12.0564,-61.7485,82.08,83,75,9.22,GD,1629725520
Meghraj,23.5,73.5,83.95,70,100,9.48,IN,1629725764
Pushkinskiye Gory,57.0209,28.9103,60.08,63,96,6.64,RU,1629725765
General Nakar,14.7631,121.635,81.59,84,100,2.8,PH,1629725765
Roseburg,43.2165,-123.3417,55.89,77,1,3.44,US,1629725599
Bushenyi,-0.5853,30.2114,73.89,49,100,3.4,UG,1629725766
Prieska,-29.6641,22.7474,76.8,18,69,17.0,ZA,1629725766
Ketchikan,55.3422,-131.6461,48.67,93,1,0.0,US,1629725417
Necochea,-38.5473,-58.7368,47.03,46,80,21.25,AR,1629725767
Fukuechō,32.6881,128.8419,79.61,88,100,28.9,JP,1629725767
East London,-33.0153,27.9116,68.94,56,0,8.05,ZA,1629725518
Ahipara,-35.1667,173.1667,49.75,80,10,7.09,NZ,1629725767
Arrecife,28.963,-13.5477,82.38,54,20,24.16,ES,1629725768
Nanortalik,60.1432,-45.2371,48.87,69,8,6.89,GL,1629725559
Plátanos,37.6667,21.6167,95.56,31,0,13.11,GR,1629725768
Kholodnyy,62.7167,147.95,60.26,82,77,5.39,RU,1629725768
Hay River,60.8156,-115.7999,48.18,87,75,2.3,CA,1629725545
Rurrenabaque,-14.4413,-67.5278,82.29,78,0,0.0,BO,1629725769
Tsimmerbude,54.675,20.1347,68.05,45,100,14.36,RU,1629725769
Lagos,6.5833,3.75,86.32,74,100,5.5,NG,1629725567
Cañita,9.2097,-78.8811,85.73,86,100,2.84,PA,1629725770
Cortes,41.9395,-1.4396,84.25,27,0,18.72,ES,1629725770
Davila,18.4726,120.5763,80.69,78,100,6.15,PH,1629725770
Lexington Park,38.2668,-76.4538,80.94,90,75,8.05,US,1629725771
Kaitangata,-46.2817,169.8464,45.48,89,4,6.35,NZ,1629725561
Billings Metropolitan Area,45.7833,-108.5007,56.97,67,1,5.75,US,1629725877
Dunedin,-45.8742,170.5036,49.8,71,9,9.46,NZ,1629725391
Kununurra,-15.7667,128.7333,77.99,17,0,3.67,AU,1629725771
Strai,58.2,7.9,69.64,64,0,5.01,NO,1629725772
Grand Gaube,-20.0064,57.6608,70.2,69,40,10.0,MU,1629725574
Petropavlovka,50.6114,105.3196,54.18,72,96,10.27,RU,1629725772
Teya,60.3778,92.6267,53.29,91,54,0.49,RU,1629725773
Emba,48.8264,58.1442,91.72,17,1,15.41,KZ,1629725773
Le Vauclin,14.5452,-60.8388,87.85,70,90,21.85,MQ,1629725773
Saint Anthony,45.0205,-93.218,71.1,82,1,1.99,US,1629725774
Shimoda,34.6667,138.95,78.67,91,76,3.8,JP,1629725774
Atambua,-9.1061,124.8925,71.4,86,88,3.58,ID,1629725553
Ashquelon,31.6693,34.5715,91.4,56,0,10.29,IL,1629725515
Fallon,39.4735,-118.7774,62.92,54,90,6.91,US,1629725774
Kadoma,34.7333,135.5833,80.58,80,100,2.44,JP,1629725775
Elko,41.0002,-115.5012,46.42,22,0,0.67,US,1629725775
Saryg-Sep,51.5,95.6,51.15,80,1,3.15,RU,1629725776
Departamento de Maldonado,-34.6667,-54.9167,52.99,52,96,5.41,UY,1629725533
Gizo Government Station,-8.103,156.8419,81.39,76,81,9.19,SB,1629725776
Anadyr,64.75,177.4833,50.5,87,20,4.47,RU,1629725513
Talnakh,69.4865,88.3972,54.45,88,100,5.3,RU,1629725613
Karachi,24.9056,67.0822,84.02,65,40,18.41,PK,1629725693
Palmas Bellas,9.2319,-80.0867,82.4,83,100,8.23,PA,1629725777
Ancud,-41.8697,-73.8203,38.43,73,100,2.77,CL,1629725590
Jashpurnagar,22.9,84.15,75.31,83,100,4.85,IN,1629725701
Ochamchira,42.7121,41.4721,78.91,71,37,7.4,GE,1629725777
Ust-Maya,60.4167,134.5333,65.16,78,83,3.53,RU,1629725573
Deep River,46.1001,-77.4995,75.94,82,43,0.94,CA,1629725698
Liku,-0.7275,119.8922,75.09,94,100,1.36,ID,1629725778
Yumen,40.2833,97.2,68.79,15,0,13.04,CN,1629725671
Severo-Yeniseyskiy,60.3725,93.0408,49.91,90,35,0.67,RU,1629725597
Noumea,-22.2763,166.4572,62.58,69,68,9.53,NC,1629725565
Dzilam González,21.2833,-88.9333,82.67,73,74,5.97,MX,1629725778
Raja,8.4596,25.678,86.9,53,56,1.36,SS,1629725779
Tublay,16.5431,120.6096,69.06,91,100,2.91,PH,1629725779
Labuhan,-6.8844,112.2051,80.31,73,100,6.13,ID,1629725780
Palmer,42.1584,-72.3287,75.88,85,90,3.0,US,1629725599
Bubaque,11.2833,-15.8333,80.1,77,86,8.93,GW,1629725674
Shalinskoye,55.7228,93.7594,52.54,72,37,1.59,RU,1629725780
Katobu,-4.9408,122.5276,73.08,93,99,2.59,ID,1629725780
Popondetta,-8.7537,148.2534,72.1,97,99,3.29,PG,1629725781
Umluj,25.0213,37.2685,89.78,61,0,13.87,SA,1629725594
Ürümqi,43.801,87.6005,77.95,14,0,4.47,CN,1629725763
Bagdarin,54.4333,113.6,49.15,89,87,5.39,RU,1629725781
Makakilo City,21.3469,-158.0858,77.32,85,20,6.91,US,1629725338
Ust'-Barguzin,53.45,108.9833,53.51,83,16,0.85,RU,1629725782
Marzuq,14.4,46.4667,84.69,48,59,10.27,YE,1629725782
Nemuro,43.3236,145.575,57.67,93,100,13.82,JP,1629725506
Bathsheba,13.2167,-59.5167,83.01,83,20,24.16,BB,1629725606
Wukari,7.85,9.7833,84.99,64,94,4.23,NG,1629725783
Mosquera,4.7059,-74.2302,59.09,72,40,3.44,CO,1629725783
Ramsar,36.9226,50.6426,89.04,58,20,6.91,IR,1629725783
Yelan',50.949,43.7378,63.25,88,100,10.38,RU,1629725784
Saint-Pierre,-21.3393,55.4781,71.28,64,0,25.32,RE,1629725646
Turukhansk,65.8167,87.9833,59.07,70,97,7.09,RU,1629725784
Kayerkan,69.3497,87.7602,53.64,88,100,6.64,RU,1629725784
Mamlyutka,54.9375,68.5394,82.72,37,2,8.21,KZ,1629725785
Sam Chuk,14.7576,100.0899,85.91,60,80,9.75,TH,1629725785
Prince George,53.9166,-122.753,45.25,85,90,4.61,CA,1629725527
São João da Barra,-21.6403,-41.0511,78.89,65,0,13.2,BR,1629725678
Tual,-5.6667,132.75,80.56,80,77,9.04,ID,1629725680
Bilibino,68.0546,166.4372,42.73,66,100,9.19,RU,1629725786
Hamilton,39.1834,-84.5333,81.86,85,1,0.0,US,1629725400
Mikhaylovka,50.06,43.2379,64.13,92,100,12.08,RU,1629725786
Saint-Augustin,51.226,-58.6502,73.27,71,46,10.04,CA,1629725787
Comoapan,18.4167,-95.1667,74.12,94,93,5.1,MX,1629725787
Biak,-0.9131,122.8766,75.52,84,99,5.61,ID,1629725787
Carauari,-4.8828,-66.8958,91.24,46,1,3.87,BR,1629725788
Kropotkin,45.4375,40.5756,81.5,54,99,6.55,RU,1629725788
Simbahan,6.3032,120.5836,82.76,72,100,7.85,PH,1629725788
Srednekolymsk,67.45,153.6833,43.16,74,100,13.82,RU,1629725789
Springdale,36.1867,-94.1288,80.73,87,1,3.44,US,1629725769
Sola,-13.8833,167.55,77.47,70,23,21.63,VU,1629725789
Toropets,56.4978,31.6353,61.14,61,100,8.25,RU,1629725789
Pallasovka,50.05,46.8833,84.97,37,95,18.39,RU,1629725790
Port Harcourt,4.7774,7.0134,87.98,61,100,6.82,NG,1629725790
Kutum,14.2,24.6667,88.48,30,69,2.93,SD,1629725790
Dickinson,29.4608,-95.0513,84.94,90,1,1.01,US,1629725791
Port-Cartier,50.0334,-66.8654,69.75,70,100,2.59,CA,1629725791
Vardø,70.3705,31.1107,44.8,65,100,14.43,NO,1629725570
Oistins,13.0667,-59.5333,82.49,83,20,24.16,BB,1629725791
Khovd,48.0056,91.6419,56.08,47,0,2.8,MN,1629725666
Pisco,-13.7,-76.2167,62.02,88,90,1.14,PE,1629725407
Sechura,-5.5569,-80.8222,67.23,73,32,9.53,PE,1629725792
São Filipe,14.8961,-24.4956,80.13,74,43,13.73,CV,1629725606
Bilma,18.6853,12.9164,105.3,9,4,6.29,NE,1629725792
Devils Lake,48.1128,-98.8651,55.94,85,51,15.01,US,1629725497
Ca Mau,9.1769,105.15,79.63,86,100,3.49,VN,1629725793
Vallenar,-28.5708,-70.7581,59.86,56,99,4.47,CL,1629725793
Bethel,41.3712,-73.414,73.36,94,100,1.01,US,1629725526
Mitchell,43.7094,-98.0298,71.11,94,90,1.99,US,1629725794
Nuevo Progreso,23.1667,-97.95,77.47,84,88,2.28,MX,1629725794
Dawei,14.0833,98.2,78.4,88,12,1.86,MM,1629725794
Corrientes,-27.4806,-58.8341,70.99,79,0,20.71,AR,1629725795
Haapiti,-17.5667,-149.8667,74.93,79,5,15.79,PF,1629725795
Vysokogornyy,50.1167,139.15,58.1,97,100,3.24,RU,1629725627
Tongren,27.7172,109.1853,78.8,91,100,2.3,CN,1629725619
Maniwaki,46.3834,-75.966,73.78,83,61,2.3,CA,1629725796
Airai,-8.9266,125.4092,57.74,84,75,2.51,TL,1629725529
Susaki,33.3667,133.2833,77.0,94,100,1.63,JP,1629725796
Boguchany,58.3814,97.4531,53.71,92,53,3.4,RU,1629725796
Hillsborough,37.5741,-122.3794,59.2,86,20,1.99,US,1629725797
Kavieng,-2.5744,150.7967,80.44,76,100,6.98,PG,1629725636
Staroutkinsk,57.2302,59.3348,79.32,53,100,1.25,RU,1629725797
Tagusao,9.1924,117.8141,78.89,84,100,3.53,PH,1629725798
Touros,-5.1989,-35.4608,81.5,64,25,18.34,BR,1629725608
Jishou,28.3167,109.7167,77.97,95,100,1.68,CN,1629725798
Mmabatho,-25.85,25.6333,76.96,36,0,11.5,ZA,1629725798
Faya,18.3851,42.4509,84.31,24,69,6.53,SA,1629725502
Basco,20.4487,121.9702,84.22,76,97,7.83,PH,1629725799
Morondava,-20.2833,44.2833,76.8,71,2,13.0,MG,1629725799
Sinnamary,5.3833,-52.95,85.17,64,24,9.51,GF,1629725620
Vila Velha,-20.3297,-40.2925,80.55,57,40,13.8,BR,1629725422
Linxia Chengguanzhen,35.6003,103.2064,58.64,61,100,2.3,CN,1629725800
Esmeraldas,-19.7625,-44.3139,74.26,31,0,5.75,BR,1629725800
Pacific Grove,36.6177,-121.9166,59.11,88,90,5.01,US,1629725598
Porto Seguro,-16.4497,-39.0647,79.32,65,40,5.75,BR,1629725801
Salalah,17.0151,54.0924,82.49,74,40,13.8,OM,1629725556
Troitsk,54.0979,61.5773,89.1,22,43,5.03,RU,1629725801
La Paz,-16.5,-68.15,51.78,34,0,5.75,BO,1629725731
Auki,-8.7676,160.7034,76.05,86,19,4.99,SB,1629725802
Pangnirtung,66.1451,-65.7125,51.8,66,90,9.22,CA,1629725616
Gongzhuling,43.5008,124.8198,68.0,93,11,6.98,CN,1629725802
Nador,35.174,-2.9287,87.87,74,40,9.22,MA,1629725803
Mikkeli,61.6886,27.2723,49.14,81,90,11.5,FI,1629725803
Jalu,29.0331,21.5482,95.31,21,0,12.5,LY,1629725803
Phonhong,18.5007,102.4166,80.8,80,82,0.47,LA,1629725804
Kirksville,40.1948,-92.5833,76.05,83,1,8.05,US,1629725804
Tigzirt,36.8886,4.1198,88.29,58,19,14.94,DZ,1629725804
Yerbogachën,61.2767,108.0108,53.38,75,99,4.27,RU,1629725668
Katsuura,35.1333,140.3,78.91,91,30,5.03,JP,1629725638
Tzucacab,20.0667,-89.05,81.43,79,53,4.25,MX,1629725805
Jauja,-11.7758,-75.4966,55.29,53,29,1.19,PE,1629725805
Novoagansk,61.9449,76.6625,75.63,72,20,7.2,RU,1629725805
Mehamn,71.0357,27.8492,46.58,65,97,7.85,NO,1629725618
Solenzo,12.1833,-4.0833,88.57,53,63,6.4,BF,1629725806
Husavik,66.0449,-17.3389,66.11,67,100,4.41,IS,1629725522
Puerto Escondido,15.85,-97.0667,74.23,83,40,6.91,MX,1629725793
Traverse City,44.7631,-85.6206,71.35,82,75,0.0,US,1629725807
Te Anau,-45.4167,167.7167,51.51,90,100,6.76,NZ,1629725610
Windhoek,-22.5594,17.0832,82.89,9,0,8.05,NA,1629725807
Kavaratti,10.5669,72.642,81.28,78,57,8.9,IN,1629725808
Ust-Nera,64.5667,143.2,59.74,97,100,3.96,RU,1629725526
Payson,40.0444,-111.7321,72.52,53,20,3.0,US,1629725808
Berlevåg,70.8578,29.0864,44.55,70,75,6.91,NO,1629725664
Bam,29.106,58.357,95.11,15,19,16.46,IR,1629725552
Luangwa,-15.6167,30.4167,87.12,36,0,12.37,ZM,1629725654
Baymak,52.5933,58.3225,86.54,20,14,7.14,RU,1629725809
Udachny,66.4167,112.4,50.74,83,99,12.59,RU,1629725810
Cap Malheureux,-19.9842,57.6142,70.29,71,36,8.99,MU,1629725810
Comodoro Rivadavia,-45.8667,-67.5,39.06,52,20,18.41,AR,1629725539
Iqaluit,63.7506,-68.5145,42.53,81,75,26.46,CA,1629725594
Okakarara,-20.5833,17.4333,86.92,11,31,14.32,NA,1629725811
Goderich,43.7501,-81.7165,72.91,88,0,1.14,CA,1629725582
Mingora,34.7758,72.3625,79.45,73,33,3.02,PK,1629725811
Brae,60.3964,-1.353,58.91,85,100,2.75,GB,1629725811
Muisne,0.6,-80.0333,75.31,87,100,14.03,EC,1629725812
Marabu,4.4148,114.0089,78.94,89,40,2.3,MY,1629725796
Cururupu,-1.8283,-44.8683,86.83,57,24,8.43,BR,1629725631
Marsá Maţrūḩ,31.3525,27.2453,84.4,61,0,12.66,EG,1629725812
Port Lincoln,-34.7333,135.8667,50.97,62,8,13.56,AU,1629725422
Lavrentiya,65.5833,-171.0,43.93,94,100,3.04,RU,1629725545
Poso,-1.3959,120.7524,76.59,81,100,4.32,ID,1629725813
Pāli,25.7667,73.3333,94.21,37,81,9.57,IN,1629725813
Braine-le-Comte,50.6082,4.1434,69.19,77,92,1.99,BE,1629725814
Jining,35.405,116.5814,69.22,91,31,6.26,CN,1629725814
Ekhabi,53.5102,142.9671,55.92,96,15,12.68,RU,1629725814
Mtambile,-5.3833,39.7,78.01,71,2,14.52,TZ,1629725815
Bonavista,48.6499,-53.1147,62.6,66,34,4.43,CA,1629725815
Qian’an,44.9932,124.0581,66.47,84,0,3.58,CN,1629725815
Selenginsk,52.0064,106.8647,61.21,96,88,5.88,RU,1629725816
Goundam,16.4145,-3.6708,96.1,31,30,3.94,ML,1629725816
Mangalore,12.8667,74.8833,81.46,83,75,3.44,IN,1629725817
Port-Gentil,-0.7193,8.7815,84.16,65,40,16.11,GA,1629725817
Gawler,-34.6,138.7333,47.55,82,91,7.43,AU,1629725817
Havre-St-Pierre,50.2334,-63.5986,70.16,78,1,5.75,CA,1629725818
Rome,43.2128,-75.4557,76.51,74,90,5.75,US,1629725643
Khromtau,50.2503,58.4347,88.66,20,26,12.08,KZ,1629725818
Alvand,36.3187,49.1678,79.74,25,66,10.09,IR,1629725819
Constitución,-35.3333,-72.4167,50.2,61,97,4.34,CL,1629725555
Korla,41.7597,86.1469,81.75,19,59,9.35,CN,1629725819
Koregaon,18.65,74.0833,77.81,77,57,10.8,IN,1629725819
Sorong,-0.8833,131.25,78.89,81,100,2.19,ID,1629725820
Kiryat Gat,31.61,34.7642,90.39,40,0,12.24,IL,1629725584
Yashkul',46.1711,45.3435,88.2,37,11,11.77,RU,1629725820
Fandriana,-20.2333,47.3833,65.7,46,4,10.6,MG,1629725821
Terrace,54.5163,-128.6035,53.51,93,75,2.3,CA,1629725821
Manaure,11.7751,-72.4445,87.49,62,42,14.36,CO,1629725821
Rebrikha,53.0733,82.3408,67.44,63,22,5.75,RU,1629725822
Krasnosel'kup,65.7,82.4667,64.96,69,100,14.34,RU,1629725552
Henties Bay,-22.116,14.2845,59.86,69,0,12.17,NA,1629725632
Vao,-22.6667,167.4833,68.86,57,60,19.95,NC,1629725525
Belgrade,44.804,20.4651,91.06,27,0,9.22,RS,1629725616
Khandyga,62.6667,135.6,62.98,98,97,2.95,RU,1629725607
Cumana,10.4635,-64.1775,69.89,69,65,2.57,VE,1629725823
Big Spring,32.2504,-101.4787,73.27,68,1,12.66,US,1629725823
Ondjiva,-17.0667,15.7333,86.04,12,40,6.91,AO,1629725823
Cachoeira do Sul,-30.0392,-52.8939,61.21,59,99,10.04,BR,1629725824
Vargem Grande,-3.5431,-43.9158,92.68,38,3,4.85,BR,1629725824
Salavat,53.3837,55.9077,93.2,15,100,8.95,RU,1629725824
Sioux Lookout,50.1001,-91.917,62.98,88,75,10.36,CA,1629725622
Grindavik,63.8424,-22.4338,60.75,100,90,19.57,IS,1629725671
Kabalo,-6.05,26.9167,89.33,33,82,4.32,CD,1629725825
Tezu,27.9167,96.1667,76.12,99,100,2.77,IN,1629725825
Zilair,52.2332,57.4392,85.1,22,51,9.31,RU,1629725826
Puerto Madryn,-42.7692,-65.0385,43.84,57,38,34.05,AR,1629725539
Kabo,7.6994,18.629,81.39,80,100,3.76,CF,1629725826
Bitung,1.4451,125.1824,76.05,83,98,9.13,ID,1629725826
Baikunthpur,23.25,82.55,79.0,78,100,2.24,IN,1629725682
Mugur-Aksy,50.35,90.5,45.73,78,24,2.28,RU,1629725827
San Bartolomé de Tirajana,27.9248,-15.5733,70.27,69,20,34.52,ES,1629725607
Paamiut,61.994,-49.6678,42.98,81,4,5.64,GL,1629725557
Mlonggo,-6.5333,110.7,84.09,78,16,6.62,ID,1629725828
Muravlenko,63.7898,74.523,77.09,49,42,14.34,RU,1629725828
Tateyama,34.9833,139.8667,78.82,89,85,6.55,JP,1629725523
Kalmunai,7.4167,81.8167,82.18,74,9,14.03,LK,1629725609
Bayangol,50.6977,103.4656,42.44,90,70,4.07,RU,1629725829
Yar-Sale,66.8333,70.8333,75.25,54,98,14.12,RU,1629725829
Shīeli,44.1667,66.75,90.39,16,48,14.7,KZ,1629725829
Da Lat,11.9465,108.4419,61.3,96,100,1.03,VN,1629725830
Bettiah,26.8,84.5,82.76,82,100,3.74,IN,1629725830
Salinas,36.6777,-121.6555,59.52,83,90,4.61,US,1629725633
Verkhnevilyuysk,63.4453,120.3167,49.86,75,100,4.23,RU,1629725831
Altamont,42.2068,-121.7372,49.78,84,40,0.0,US,1629725831
Tosya,41.0155,34.0401,77.81,35,10,8.93,TR,1629725831
Forsytheganj,52.6333,29.7333,72.7,31,100,3.36,BY,1629725563
Zhovti Vody,48.3473,33.5003,82.06,23,7,7.16,UA,1629725832
Monster,52.0258,4.175,75.96,68,20,8.01,NL,1629725832
Alihe,50.5667,123.7167,58.19,88,100,3.4,CN,1629725833
Malartic,48.1335,-78.1328,65.01,80,95,2.51,CA,1629725772
Uarini,-2.99,-65.1083,82.35,46,5,2.26,BR,1629725833
Kumul,42.8,93.45,79.27,12,0,1.68,CN,1629725571
Kollegāl,12.15,77.1167,75.45,77,100,5.44,IN,1629725834
Esna,25.2934,32.554,104.02,9,0,15.01,EG,1629725834
Williston,48.147,-103.618,53.04,91,22,6.04,US,1629725449
Athabasca,54.7169,-113.2854,49.82,96,100,11.86,CA,1629725629
Beringovskiy,63.05,179.3167,50.18,86,100,7.16,RU,1629725554
Antofagasta,-23.65,-70.4,58.28,71,52,4.83,CL,1629725835
Ocós,14.5094,-92.1933,85.32,89,100,5.7,GT,1629725835
Bungu,-7.6337,39.0582,80.73,50,0,10.76,TZ,1629725836
Doka,13.5167,35.7667,79.18,72,100,8.75,SD,1629725836
Palembang,-2.9167,104.7458,80.69,83,40,3.44,ID,1629725836
Coyhaique,-45.5752,-72.0662,34.41,86,40,3.44,CL,1629725546
Yārāda,17.65,83.2667,86.32,79,75,9.22,IN,1629725837
Voi,-3.3945,38.563,83.7,37,32,20.31,KE,1629725837
Tyshkivka,48.4967,30.9423,78.44,29,42,4.43,UA,1629725838
Tres Arroyos,-38.3739,-60.2798,48.34,40,71,18.12,AR,1629725838
Porto-Novo,6.4965,2.6036,84.02,69,100,6.71,BJ,1629725838
São José da Coroa Grande,-8.8978,-35.1478,77.79,80,43,13.04,BR,1629725839
Aksu,41.1231,80.2644,83.64,18,10,6.4,CN,1629725839
Assiut,27.181,31.1837,102.38,16,0,14.54,EG,1629725839
Sobolevo,54.4299,31.8996,68.83,36,12,6.87,RU,1629725517
Tiarei,-17.5333,-149.3333,75.22,81,26,14.85,PF,1629725663
Calama,-22.4667,-68.9333,50.49,8,0,21.85,CL,1629725630
Pimenta Bueno,-11.6725,-61.1936,94.89,20,0,3.89,BR,1629725840
Konstantinovka,49.6167,127.9833,61.23,92,5,5.97,RU,1629725840
Inírida,3.8653,-67.9239,79.38,84,98,1.57,CO,1629725841
Kaarina,60.4072,22.369,60.98,53,75,10.36,FI,1629725841
Zverinogolovskoye,54.4586,64.8542,86.99,24,94,6.4,RU,1629725841
Manokwari,-0.8667,134.0833,79.29,73,100,0.45,ID,1629725604
Mogadouro,41.3403,-6.7119,90.79,16,0,8.5,PT,1629725842
Meadow Lake,34.8014,-106.5436,69.8,56,2,4.14,US,1629725842
Srandakan,-7.9386,110.2506,74.97,87,96,5.88,ID,1629725842
Sept-Îles,50.2001,-66.3821,68.52,83,75,3.44,CA,1629725380
Sagua de Tánamo,20.5819,-75.2414,86.97,64,90,9.13,CU,1629725843
Hōjō,33.9766,132.7777,82.31,88,100,2.77,JP,1629725843
Būlaevo,54.9056,70.4439,80.55,40,0,6.22,KZ,1629725844
Sisimiut,66.9395,-53.6735,46.94,82,100,8.72,GL,1629725844
Ormara,25.2088,64.6357,79.5,86,11,16.17,PK,1629725845
Collie,-33.3667,116.15,48.97,79,10,6.87,AU,1629725845
Chicama,-7.8447,-79.1469,59.54,76,51,5.84,PE,1629725845
São Lourenço do Sul,-31.3653,-51.9783,55.45,67,72,7.47,BR,1629725846
Preobrazheniye,42.9019,133.9064,67.73,74,72,4.45,RU,1629725846
Lastoursville,-0.8143,12.7287,88.57,52,32,4.14,GA,1629725846
Anito,12.4497,125.2886,79.54,84,99,3.15,PH,1629725847
Vilhena,-12.7406,-60.1458,86.22,42,0,10.36,BR,1629725847
Muzhi,65.3667,64.6667,77.38,50,20,17.54,RU,1629725847
Lorengau,-2.0226,147.2712,77.92,83,100,3.87,PG,1629725530
Asău,46.4333,26.4,84.76,51,92,2.86,RO,1629725848
Mergen,49.1833,125.2167,61.56,91,62,5.01,CN,1629725848
Miramar,25.9873,-80.2323,89.02,79,1,3.44,US,1629725649
Vágur,61.4732,-6.8119,54.25,93,100,11.97,FO,1629725661
Inongo,-1.95,18.2667,77.49,62,50,1.9,CD,1629725849
Camaná,-16.6228,-72.7111,61.86,73,56,6.33,PE,1629725849
Wau,7.7029,27.9953,87.58,58,47,4.81,SS,1629725849
Hūn,29.1268,15.9477,92.98,21,0,8.43,LY,1629725850
Shibetsu,43.659,145.132,58.55,97,100,9.06,JP,1629725850
Mgachi,51.05,142.2667,57.45,91,99,5.46,RU,1629725851
Chumikan,54.7183,135.315,55.72,98,100,13.42,RU,1629725851
Varhaug,58.6147,5.6457,67.86,71,47,16.13,NO,1629725851
Zhigalovo,54.8097,105.1578,51.8,78,49,1.99,RU,1629725852
Kupang,-10.1667,123.5833,76.19,77,39,10.6,ID,1629725852
Forest Grove,45.5198,-123.1107,51.6,75,1,0.0,US,1629725852
Pauini,-7.7136,-66.9764,93.6,39,22,2.71,BR,1629725648
City of San Pedro,14.35,121.0167,79.83,89,75,3.44,PH,1629725626
Kirakira,-10.4544,161.9205,78.03,77,64,11.5,SB,1629725565
Mayo,38.8876,-76.5119,82.76,82,1,5.01,US,1629725620
Yelets,52.6237,38.5017,72.99,32,39,7.47,RU,1629725853
Launceston,-41.45,147.1667,41.81,81,25,9.22,AU,1629725515
Padilla,3.2204,-76.3139,71.17,71,95,2.75,CO,1629725853
